study_hours,attendance_pct,previous_marks,assignments_done,sleep_hours,internet_hours,final_score,pass_fail
4.37,59.26,48.32,2,9.43,5.75,61.8,1
9.56,77.1,47.29,8,8.9,0.88,100.0,1
7.59,93.65,93.44,4,8.54,0.28,100.0,1
6.39,86.61,47.47,7,4.33,7.95,70.68,1
2.4,90.33,49.04,6,4.04,1.86,70.83,1
2.4,82.94,83.16,7,5.27,0.43,79.77,1
1.52,84.61,61.48,6,7.98,1.52,73.45,1
8.8,92.46,84.37,2,6.47,0.31,100.0,1
6.41,62.48,34.58,1,6.41,3.13,59.98,1
7.37,74.47,64.13,6,9.31,6.42,91.38,1
1.19,61.06,32.35,2,9.37,2.73,41.72,1
9.73,99.38,34.39,2,9.46,3.55,98.14,1
8.49,97.2,93.45,1,5.88,5.4,90.31,1
2.91,51.97,39.75,3,8.15,4.07,48.9,1
2.64,85.28,67.27,7,5.63,6.89,73.93,1
2.65,96.26,58.78,0,5.14,6.93,63.83,1
3.74,59.03,54.31,0,5.11,0.08,58.07,1
5.72,78.4,92.99,4,6.05,6.22,87.5,1
4.89,95.77,31.53,10,6.58,3.69,79.71,1
3.62,51.7,76.47,4,8.99,7.91,66.49,1
6.51,84.87,97.44,10,4.72,3.87,100.0,1
2.26,64.87,69.21,0,8.41,7.9,61.43,1
3.63,96.22,95.58,5,7.19,6.04,94.25,1
4.3,98.55,33.66,0,5.73,1.99,58.12,1
5.1,97.21,59.32,4,6.96,4.31,80.4,1
8.07,73.71,48.21,8,5.8,7.94,79.15,1
2.8,93.1,81.16,4,7.58,6.86,73.39,1
5.63,92.23,98.69,5,6.6,0.78,100.0,1
6.33,65.96,47.96,7,4.99,5.65,69.27,1
1.42,91.45,75.79,10,4.7,2.76,83.87,1
6.47,51.85,43.87,0,7.28,0.06,59.07,1
2.53,79.81,69.57,1,9.41,3.23,78.81,1
1.59,61.5,62.48,8,6.06,1.88,61.91,1
9.54,56.03,98.04,2,8.4,6.55,97.04,1
9.69,53.85,72.6,5,7.95,2.7,97.41,1
8.28,84.81,54.47,4,9.59,6.62,84.23,1
3.74,66.99,37.99,10,8.93,0.0,78.36,1
1.88,86.24,40.59,1,7.4,2.46,50.45,1
7.16,53.27,45.77,6,7.94,1.93,83.2,1
4.96,65.76,47.57,3,9.39,1.87,70.09,1
2.1,76.97,89.54,0,6.4,0.55,70.4,1
5.46,89.54,69.29,3,5.96,1.5,82.33,1
1.31,65.94,66.64,5,4.06,4.44,63.0,1
9.18,81.29,38.03,6,8.96,2.33,86.24,1
3.33,94.3,90.21,6,8.81,3.34,88.51,1
6.96,80.79,80.6,6,4.63,3.01,91.28,1
3.81,61.65,34.74,2,7.46,7.01,44.77,1
5.68,51.22,79.55,5,6.78,7.24,84.57,1
5.92,93.5,68.05,7,4.71,3.94,85.37,1
2.66,51.06,35.72,3,9.88,2.64,56.81,1
9.73,93.74,62.08,7,5.29,0.85,100.0,1
7.98,76.45,63.93,1,4.4,7.63,70.66,1
9.46,96.95,41.6,9,7.57,0.48,100.0,1
9.05,89.94,96.2,8,8.43,2.38,100.0,1
6.38,99.9,89.5,8,4.19,2.38,100.0,1
9.3,67.54,76.83,7,7.95,2.56,100.0,1
1.8,88.36,62.36,9,7.19,1.31,83.67,1
2.76,70.1,58.82,9,4.62,6.27,71.6,1
1.41,73.99,75.57,0,5.04,0.98,60.11,1
3.93,81.38,68.18,1,7.41,5.08,65.34,1
4.5,93.68,34.36,5,5.78,0.99,67.97,1
3.44,99.2,65.88,9,9.63,0.56,93.63,1
8.46,88.41,86.45,4,8.91,7.28,100.0,1
4.21,70.89,62.15,8,9.9,1.52,72.37,1
3.53,71.07,33.64,4,5.56,6.57,53.18,1
5.88,86.88,85.04,1,9.82,4.36,90.39,1
2.27,61.94,44.1,9,6.59,0.62,63.55,1
8.22,55.52,48.1,3,6.09,7.64,75.28,1
1.67,67.73,41.53,8,4.3,1.98,60.08,1
9.88,64.36,53.12,0,4.32,6.88,80.0,1
7.95,64.82,82.97,10,8.15,1.35,100.0,1
2.79,61.68,66.36,0,6.75,6.83,60.76,1
1.05,52.1,44.34,6,5.36,0.11,60.54,1
8.34,50.89,91.45,10,7.68,4.09,100.0,1
7.36,99.39,91.57,2,5.52,6.16,90.21,1
7.56,71.39,90.94,9,7.47,7.48,97.97,1
7.94,69.22,46.72,1,6.16,7.27,67.13,1
1.67,83.98,61.59,8,8.94,6.56,74.28,1
4.23,60.91,98.95,2,8.92,7.11,82.68,1
2.04,97.5,84.04,1,6.86,1.59,73.96,1
8.77,89.32,31.9,7,6.1,2.27,86.14,1
6.61,54.47,34.56,9,6.18,2.31,61.8,1
3.98,70.88,62.48,5,8.83,3.02,82.47,1
1.57,93.96,93.65,5,5.97,3.15,80.1,1
3.8,97.24,67.71,9,5.25,4.36,85.28,1
3.93,73.37,64.85,10,4.51,1.28,79.28,1
7.57,80.67,37.38,6,6.8,5.53,83.0,1
6.74,58.35,75.97,6,6.89,1.34,73.22,1
8.98,99.56,87.55,10,9.05,2.48,100.0,1
5.25,61.58,56.63,5,5.33,4.03,68.84,1
2.08,97.14,84.29,3,6.29,6.37,73.53,1
7.42,82.48,97.51,10,8.85,5.92,100.0,1
7.85,80.39,44.26,8,8.94,5.16,82.42,1
6.05,75.63,66.63,5,6.31,1.25,88.21,1
7.94,61.53,50.1,3,6.75,4.38,76.3,1
5.44,58.83,85.5,2,5.82,0.7,86.49,1
5.7,61.02,70.43,3,9.6,3.02,76.11,1
4.85,59.32,74.42,2,4.71,3.31,66.21,1
1.23,88.98,85.85,1,9.6,0.32,83.52,1
1.97,67.51,57.72,4,8.1,2.19,65.9,1
1.28,52.89,94.06,1,7.19,7.65,52.74,1
6.73,98.46,67.31,5,4.2,7.63,82.22,1
3.83,94.19,41.06,2,6.85,2.82,68.42,1
5.58,96.39,78.71,5,6.45,0.34,99.0,1
9.17,99.75,85.53,10,4.97,1.43,100.0,1
3.24,58.69,52.17,9,7.94,3.14,55.15,1
4.69,69.81,90.0,8,9.83,7.58,92.2,1
7.8,87.91,93.43,0,7.37,1.13,92.66,1
3.06,84.8,49.38,5,8.29,6.11,57.15,1
1.69,57.69,98.85,8,4.41,0.87,65.03,1
3.61,90.79,39.85,10,6.51,7.85,74.83,1
2.45,61.22,44.14,3,4.7,3.05,52.33,1
9.37,61.19,42.9,10,7.68,6.2,85.18,1
8.27,76.85,92.58,1,9.63,2.74,100.0,1
6.7,79.65,75.8,3,7.97,5.02,89.9,1
8.84,79.0,40.65,0,4.46,1.54,82.81,1
8.23,54.57,60.82,2,6.13,1.17,71.74,1
2.68,93.87,73.07,9,7.3,7.5,81.35,1
9.03,63.28,35.84,8,6.42,7.34,69.21,1
5.85,56.48,91.77,9,9.0,7.1,90.2,1
8.27,94.44,86.25,4,8.89,5.0,100.0,1
9.06,97.78,65.36,10,7.67,6.47,100.0,1
3.86,93.11,97.7,5,6.24,0.55,95.19,1
1.99,90.48,59.24,2,5.53,2.68,67.88,1
3.05,82.76,98.89,4,4.64,2.51,87.63,1
4.84,77.54,76.75,10,6.13,5.09,98.96,1
8.36,54.35,74.43,7,6.48,2.85,89.19,1
8.75,70.42,41.62,5,8.05,1.19,79.66,1
1.06,68.63,91.73,3,7.95,4.77,71.5,1
5.6,62.99,59.92,1,4.42,6.52,58.73,1
4.76,86.17,41.36,8,6.37,3.06,83.04,1
3.0,74.79,30.88,0,5.09,1.06,48.92,1
2.08,54.05,69.18,0,4.94,1.57,52.69,1
4.04,61.01,66.92,3,8.96,1.9,70.2,1
9.49,84.16,80.35,6,4.25,2.4,100.0,1
3.91,53.81,92.32,0,6.52,5.14,68.64,1
5.67,92.56,35.56,8,5.01,4.81,71.83,1
7.33,74.76,81.2,3,9.28,5.57,98.94,1
4.27,74.03,43.12,2,7.34,2.9,59.04,1
9.75,79.62,90.07,0,5.39,6.59,94.08,1
9.66,91.23,87.33,9,7.01,1.63,100.0,1
3.27,67.39,67.86,3,8.39,3.75,61.45,1
5.48,83.9,79.72,8,9.75,6.41,95.91,1
3.71,78.29,52.0,9,5.32,1.44,70.44,1
3.56,63.35,62.98,5,9.32,0.88,78.59,1
1.33,93.93,87.51,5,9.61,7.07,74.99,1
6.49,89.87,62.15,0,9.5,2.74,86.64,1
5.52,82.92,55.05,9,7.81,5.47,89.16,1
1.46,92.53,64.59,1,7.78,0.2,73.66,1
3.51,93.36,87.98,10,6.42,5.52,93.92,1
9.17,85.42,53.46,5,8.51,2.53,93.15,1
3.16,91.85,42.16,1,7.19,0.45,62.26,1
2.3,84.87,79.84,2,8.06,4.88,80.62,1
5.41,84.01,87.82,3,6.57,1.93,86.21,1
9.87,80.93,37.04,10,8.39,3.09,90.43,1
3.18,87.64,46.79,4,8.95,0.64,75.55,1
7.05,57.93,39.94,8,4.88,1.18,70.72,1
7.85,94.04,54.36,3,9.0,2.38,85.61,1
3.14,93.59,61.52,10,7.24,0.72,79.43,1
7.55,51.46,82.42,8,9.07,7.29,88.03,1
4.31,91.29,75.58,10,6.59,0.05,95.15,1
6.69,56.44,73.46,9,6.27,3.87,88.11,1
6.7,66.76,54.67,2,9.49,0.99,83.51,1
5.82,87.18,88.9,7,5.51,2.46,99.37,1
1.81,58.04,62.99,0,9.07,7.41,51.47,1
8.52,90.9,98.54,10,6.9,1.29,100.0,1
3.89,91.61,74.39,8,7.08,7.73,86.17,1
2.68,75.37,38.84,8,5.85,1.65,71.26,1
1.37,50.32,77.33,9,7.44,5.93,67.94,1
6.32,64.35,52.76,1,5.95,4.37,64.44,1
7.1,80.85,78.04,3,4.24,7.08,77.86,1
1.15,99.06,34.87,7,5.63,4.43,53.29,1
5.61,81.59,42.24,6,4.04,4.28,73.91,1
3.04,62.99,89.9,0,9.87,1.56,78.66,1
6.81,81.7,45.9,4,9.79,1.33,86.0,1
2.57,77.0,88.59,6,6.37,7.33,76.2,1
7.22,88.99,49.55,3,8.37,2.62,90.74,1
4.48,55.35,75.0,0,6.07,2.98,64.18,1
9.43,88.05,78.59,8,8.03,6.08,100.0,1
2.24,77.06,65.89,4,8.83,2.71,71.0,1
4.07,98.15,51.37,10,9.68,7.62,80.2,1
2.02,67.09,44.89,1,6.4,5.9,51.4,1
9.32,81.63,32.32,7,8.7,4.78,88.25,1
8.9,96.6,51.28,10,5.6,7.05,97.08,1
3.32,55.13,75.72,1,9.94,0.4,71.89,1
6.94,96.86,95.68,2,4.15,2.06,97.36,1
8.35,84.39,90.98,9,7.62,3.72,100.0,1
6.0,53.39,83.62,0,7.96,1.82,84.11,1
5.77,65.05,85.19,10,8.13,5.95,96.19,1
3.18,85.41,76.55,1,4.72,7.35,67.73,1
1.84,53.37,48.22,6,9.63,3.39,63.93,1
9.07,79.11,93.5,9,5.09,2.74,100.0,1
9.1,67.29,76.95,1,7.74,7.69,86.05,1
6.7,81.05,69.23,5,5.34,3.56,84.28,1
4.05,52.29,37.77,2,5.84,3.91,50.67,1
4.14,93.58,61.29,3,7.28,2.81,61.66,1
7.53,98.67,62.23,10,6.5,7.28,97.44,1
9.07,98.44,90.52,7,4.96,4.55,100.0,1
8.98,87.48,68.27,2,5.03,6.1,95.89,1
8.02,56.5,56.63,9,6.51,6.49,82.58,1
6.78,87.91,98.38,5,8.54,2.73,98.52,1
1.76,51.23,37.75,0,9.39,3.47,44.17,1
2.45,51.11,59.58,6,4.5,6.79,50.14,1
9.09,66.18,32.94,7,6.36,2.91,82.43,1
6.46,74.43,81.79,10,4.6,6.35,93.27,1
1.08,88.52,94.27,7,4.1,7.53,80.73,1
1.91,84.16,49.6,2,7.97,4.99,55.41,1
6.97,72.3,90.08,9,7.61,5.93,99.0,1
1.05,63.68,50.46,0,4.98,6.44,35.65,0
2.45,99.86,93.75,8,5.4,6.76,91.25,1
5.94,71.31,82.78,5,4.14,3.16,87.19,1
7.23,72.57,86.34,10,9.01,0.41,100.0,1
6.87,58.18,31.26,8,9.85,3.22,74.61,1
3.02,89.74,97.4,6,4.81,5.39,87.9,1
7.41,84.68,80.87,0,5.39,3.6,94.57,1
3.14,61.04,51.33,0,9.21,5.99,53.45,1
3.93,54.12,88.06,5,9.56,2.86,82.02,1
7.72,84.02,49.71,4,6.52,5.08,75.42,1
6.85,82.73,91.09,8,4.3,1.49,96.55,1
8.64,63.66,37.88,1,4.24,5.99,65.58,1
6.92,97.54,79.26,7,7.44,4.37,100.0,1
6.11,57.55,67.85,10,6.36,1.63,85.52,1
1.84,71.62,36.76,4,4.17,2.34,50.13,1
4.31,97.18,46.93,1,7.5,5.99,65.49,1
3.39,70.99,30.87,9,4.07,3.86,57.34,1
3.2,81.93,62.81,10,8.72,1.73,86.1,1
9.76,69.88,51.09,10,5.84,7.74,82.33,1
4.54,63.71,71.89,5,4.24,5.72,77.02,1
9.03,99.2,50.81,9,7.53,7.66,93.23,1
6.68,70.47,50.99,7,6.39,3.42,83.27,1
8.15,94.7,82.02,3,9.84,3.8,95.92,1
5.52,61.5,33.37,1,7.27,7.18,57.51,1
6.19,60.66,93.2,10,5.65,4.2,98.09,1
5.43,51.56,89.66,4,8.26,5.66,82.52,1
2.76,82.58,76.75,1,5.63,2.02,66.39,1
7.5,68.43,71.53,1,9.43,3.57,85.88,1
3.53,93.22,92.46,5,6.25,0.99,85.39,1
1.22,73.66,42.97,10,7.3,1.65,64.4,1
6.81,98.41,35.53,9,4.3,0.01,91.37,1
2.59,59.28,46.77,8,6.56,0.31,69.11,1
9.46,93.43,85.62,3,8.99,7.82,100.0,1
9.59,88.83,32.43,5,8.83,1.94,84.46,1
9.23,88.55,70.8,6,5.35,5.31,100.0,1
4.33,92.24,99.68,10,5.36,6.71,97.52,1
1.14,88.05,89.9,5,8.9,4.41,68.54,1
9.35,81.31,66.5,7,9.58,1.23,100.0,1
4.85,56.56,34.45,3,4.57,5.82,51.78,1
9.7,51.63,88.2,0,6.7,4.8,93.97,1
9.67,96.04,71.93,6,6.02,5.85,96.34,1
8.68,80.83,38.05,2,9.22,6.16,61.87,1
3.65,89.83,36.57,5,4.5,7.8,60.84,1
4.47,74.08,93.67,1,5.27,4.59,80.01,1
8.66,55.87,76.84,8,8.51,2.73,88.84,1
3.85,56.26,88.05,0,4.31,5.19,60.67,1
2.53,84.28,91.53,5,6.96,0.55,99.81,1
6.01,71.52,70.02,5,6.65,7.18,77.28,1
9.43,60.03,66.22,4,6.01,0.96,93.39,1
7.26,74.58,60.13,4,6.37,2.62,79.62,1
6.13,53.21,52.19,0,7.18,6.53,49.93,1
1.87,79.1,60.42,9,4.97,4.78,68.29,1
6.54,63.45,84.17,4,7.43,3.15,86.02,1
9.91,89.88,72.13,1,8.83,3.79,96.82,1
2.26,65.52,92.48,6,8.56,6.84,76.42,1
5.66,72.76,61.04,2,4.92,2.72,73.58,1
8.9,50.58,72.5,3,4.9,6.96,77.98,1
7.67,53.62,74.19,2,5.61,0.71,75.3,1
7.27,69.62,71.42,2,6.17,6.21,81.53,1
7.32,74.0,79.18,3,6.45,6.78,75.21,1
4.24,80.0,46.62,4,8.08,1.45,61.46,1
3.64,64.58,65.87,0,4.34,3.44,63.93,1
8.28,84.75,37.3,3,4.21,1.32,80.1,1
8.29,93.01,56.92,10,6.35,5.65,96.37,1
8.8,88.99,64.14,7,8.18,4.28,92.22,1
9.22,51.98,75.66,9,5.16,5.08,89.19,1
5.6,74.03,96.54,6,7.85,1.57,95.96,1
5.51,55.25,72.05,8,5.56,1.69,73.69,1
8.18,62.1,82.05,4,9.32,0.33,93.25,1
6.85,99.33,65.44,9,9.37,2.58,100.0,1
7.32,57.12,74.39,3,5.78,4.48,86.6,1
8.16,74.94,34.97,7,5.38,6.86,73.03,1
9.01,80.91,47.81,8,6.47,5.34,93.14,1
4.04,85.12,55.33,6,5.44,3.48,64.29,1
4.38,77.98,63.07,6,8.03,7.62,78.27,1
1.85,50.49,33.2,4,8.96,5.75,41.86,1
6.2,66.32,39.8,3,8.04,7.44,65.78,1
1.32,75.89,49.38,9,8.95,4.22,65.92,1
5.19,54.39,98.01,0,6.38,2.07,85.88,1
5.88,67.53,53.19,9,4.94,0.42,76.76,1
3.58,51.66,63.74,9,8.43,5.81,74.46,1
6.32,53.93,43.73,6,6.16,0.97,69.81,1
1.27,69.85,72.75,0,8.03,2.42,60.94,1
1.34,56.64,49.65,0,5.62,4.26,43.1,1
8.4,78.38,44.49,4,4.49,4.52,73.36,1
4.24,84.47,66.16,8,9.96,4.8,85.72,1
2.14,90.03,30.39,5,4.94,1.33,58.45,1
5.7,60.01,30.54,2,9.93,3.04,63.25,1
7.93,58.37,45.33,2,9.86,4.94,73.72,1
2.94,55.23,32.57,6,8.76,7.76,55.64,1
6.61,81.82,37.56,5,7.96,5.82,78.54,1
1.77,85.32,53.72,8,7.47,7.38,61.6,1
1.47,51.58,86.18,5,9.2,6.1,71.86,1
5.78,96.81,70.04,4,5.74,4.73,79.52,1
5.87,52.6,65.89,9,6.81,1.54,85.73,1
6.74,77.06,50.54,6,7.72,5.33,82.94,1
7.53,85.45,95.22,0,6.47,4.99,83.31,1
9.78,93.55,57.79,6,6.56,4.82,97.94,1
5.65,85.7,36.1,2,5.98,3.92,63.83,1
3.91,90.09,73.19,8,7.39,4.23,82.82,1
8.16,66.97,37.97,5,9.1,2.68,86.33,1
3.44,90.74,54.17,8,5.21,4.15,71.75,1
4.95,54.01,65.52,4,9.61,1.58,71.65,1
1.71,94.74,91.2,6,8.13,6.44,83.57,1
1.23,77.38,64.55,3,8.94,1.49,70.5,1
9.66,90.86,79.16,6,7.34,0.68,100.0,1
8.52,72.62,99.5,0,8.68,3.49,100.0,1
7.26,82.18,39.2,6,4.1,5.27,77.06,1
4.68,76.32,49.23,7,8.91,3.5,65.77,1
2.56,86.58,57.62,4,4.24,2.21,64.21,1
2.41,54.08,59.53,1,9.34,4.47,53.9,1
3.25,53.02,58.77,4,9.95,2.78,68.36,1
5.94,62.36,93.53,5,5.76,7.46,70.75,1
7.43,57.98,79.98,1,5.26,7.38,88.57,1
6.94,93.59,72.55,5,8.59,4.02,97.84,1
3.52,60.96,51.66,5,5.52,2.62,63.51,1
9.59,98.79,87.67,0,9.19,5.9,100.0,1
7.64,66.84,96.85,0,4.62,0.29,100.0,1
5.99,59.11,87.48,10,4.76,3.8,94.95,1
6.51,89.48,30.11,9,9.87,2.69,89.06,1
4.78,82.94,74.55,2,8.04,7.36,77.36,1
3.23,74.91,33.58,9,9.08,0.1,70.8,1
4.2,77.77,48.03,9,5.95,4.42,71.09,1
7.82,85.96,34.17,2,8.06,5.93,69.44,1
1.13,61.42,72.27,3,7.57,3.88,57.55,1
2.04,99.82,78.06,1,7.62,0.68,71.53,1
1.41,98.74,38.01,8,8.1,7.78,63.33,1
1.37,82.52,56.87,9,7.45,4.14,62.16,1
8.7,59.98,61.94,10,6.57,4.91,92.15,1
7.33,84.01,55.83,6,5.66,1.89,86.91,1
5.27,53.61,38.47,6,8.61,3.87,66.11,1
1.88,51.53,59.33,5,5.36,3.43,53.66,1
5.42,62.88,82.58,2,8.15,0.6,98.45,1
5.26,73.13,34.97,5,5.4,0.85,74.27,1
2.56,93.41,35.61,7,7.75,6.7,58.1,1
4.9,86.36,54.83,7,8.48,1.92,84.93,1
4.59,87.14,95.92,10,5.31,1.56,97.34,1
6.54,71.27,76.8,8,4.36,4.04,83.12,1
6.72,67.3,77.51,0,4.79,6.15,67.59,1
1.41,68.55,55.33,0,7.64,0.5,58.46,1
4.37,99.38,71.56,2,9.1,4.61,79.63,1
6.63,52.01,30.71,2,4.27,0.95,63.11,1
5.53,93.35,74.53,9,8.4,0.29,100.0,1
8.71,78.93,93.93,7,6.05,0.42,100.0,1
6.93,71.93,72.88,9,6.87,6.67,85.79,1
2.47,86.26,91.16,0,9.57,0.94,83.9,1
1.64,74.33,80.68,1,5.99,0.36,71.79,1
6.78,93.67,38.44,1,6.79,3.5,70.99,1
1.24,95.04,93.17,2,4.08,6.75,67.4,1
6.27,71.09,34.65,5,4.49,2.1,75.97,1
9.46,63.84,67.38,0,5.55,3.37,83.65,1
6.18,79.62,39.95,1,4.17,0.32,70.85,1
4.49,95.62,30.82,0,7.79,3.59,58.38,1
6.79,60.53,59.54,4,6.56,4.62,68.89,1
5.12,81.15,50.65,6,7.29,4.57,72.87,1
5.91,81.58,64.02,7,5.05,2.66,84.05,1
9.47,86.66,70.4,9,5.78,2.52,99.9,1
4.47,56.58,33.06,0,7.98,0.85,54.54,1
9.65,85.79,38.61,6,9.79,2.93,84.33,1
9.15,95.45,69.1,4,4.3,0.8,93.06,1
2.76,58.98,54.02,9,9.34,6.13,70.9,1
1.62,61.88,81.04,0,7.46,7.73,60.91,1
1.91,98.57,75.66,2,7.38,7.76,68.65,1
1.16,59.05,89.19,6,7.0,6.92,62.86,1
1.85,92.72,78.47,9,4.42,4.81,74.54,1
7.15,74.61,60.1,0,4.54,5.61,69.41,1
1.64,62.36,77.11,6,7.61,2.28,74.36,1
3.87,93.54,49.28,4,6.05,5.05,74.17,1
8.6,72.27,51.44,0,9.5,3.65,77.65,1
1.21,75.74,85.23,0,6.44,3.86,59.15,1
8.33,67.96,61.25,0,4.86,6.06,75.15,1
3.54,79.65,85.89,10,8.29,2.26,89.2,1
2.06,58.18,87.57,8,5.76,2.54,73.48,1
7.27,69.55,90.03,10,7.15,7.4,100.0,1
6.66,98.47,94.16,2,8.19,0.45,100.0,1
8.9,62.91,60.17,4,9.4,3.89,88.27,1
7.62,82.84,52.32,10,8.75,7.3,84.28,1
8.23,66.26,70.75,9,8.06,4.88,96.33,1
3.54,88.67,55.98,8,8.08,4.37,84.01,1
2.6,56.54,72.08,5,9.68,2.0,70.12,1
7.76,98.49,79.39,8,5.77,2.75,100.0,1
8.26,72.69,78.19,7,4.01,6.82,96.95,1
9.91,61.8,56.22,7,5.63,4.47,96.83,1
4.71,53.67,41.68,0,5.31,4.12,53.05,1
4.35,58.49,60.14,8,7.97,0.8,80.53,1
7.99,75.99,39.98,5,7.8,0.13,90.55,1
4.07,66.85,92.31,8,7.56,7.71,86.81,1
9.38,91.44,54.21,2,4.1,3.02,84.33,1
8.73,71.54,40.81,2,8.37,4.83,74.31,1
4.86,62.44,31.78,5,5.94,0.64,63.64,1
7.76,80.86,75.21,8,7.99,5.46,91.16,1
7.79,85.34,74.58,6,7.34,7.46,92.33,1
1.93,58.35,53.84,2,6.06,4.61,56.94,1
9.12,58.38,35.02,2,4.81,1.01,60.26,1
5.55,51.83,58.67,1,4.57,4.65,68.43,1
8.44,86.82,51.79,8,8.99,6.13,98.56,1
3.88,83.19,77.4,2,9.51,3.25,78.36,1
9.06,73.73,72.4,10,7.9,7.04,100.0,1
4.5,92.21,55.52,4,4.62,5.19,72.0,1
1.1,90.28,45.25,8,6.41,7.19,67.68,1
9.15,79.27,99.16,7,8.37,4.99,100.0,1
1.82,93.41,61.78,1,8.68,1.05,62.98,1
3.87,60.29,78.18,2,4.71,2.48,72.03,1
9.55,55.6,39.84,1,4.0,1.61,69.7,1
9.56,63.49,63.99,7,8.27,7.27,91.66,1
6.16,52.85,31.93,5,6.14,6.08,55.33,1
6.69,76.56,65.38,5,5.53,5.41,89.98,1
5.04,96.83,97.48,8,4.08,2.41,100.0,1
3.64,51.97,56.89,7,7.24,1.47,65.1,1
3.96,56.11,32.73,3,9.11,6.05,46.48,1
7.05,72.61,32.17,3,9.75,3.79,69.81,1
7.77,96.69,57.16,8,7.39,1.81,100.0,1
8.12,65.81,41.2,0,7.09,4.93,69.43,1
8.11,75.36,31.63,1,4.51,0.32,76.49,1
1.82,52.08,82.93,1,7.29,2.61,66.76,1
5.45,57.42,62.1,5,6.28,3.75,77.27,1
1.52,99.33,50.25,3,7.64,1.18,69.33,1
5.95,98.26,93.01,10,6.33,7.88,95.26,1
4.97,50.25,38.13,9,5.44,1.67,65.11,1
8.99,97.59,96.91,2,4.57,1.04,100.0,1
4.16,81.96,51.98,2,5.89,1.63,68.11,1
2.05,93.4,92.19,2,4.58,6.15,76.94,1
2.29,72.74,72.21,5,5.06,3.4,67.28,1
7.85,75.78,87.87,7,9.92,4.52,98.11,1
6.56,74.44,98.88,10,6.66,0.17,100.0,1
1.91,83.34,50.19,6,7.19,0.28,70.66,1
1.76,56.98,97.28,3,9.24,3.57,70.9,1
7.31,51.5,57.26,10,9.97,6.53,83.19,1
1.65,65.4,56.99,3,7.5,7.08,49.92,1
8.4,85.23,53.83,10,8.87,0.69,100.0,1
7.36,60.09,67.9,9,5.96,4.31,85.81,1
1.73,83.67,40.79,10,5.83,7.31,69.44,1
1.76,98.5,68.76,10,6.42,3.1,90.46,1
9.88,54.7,67.92,10,8.04,6.64,95.76,1
4.37,83.63,83.33,1,8.09,1.07,78.81,1
4.34,72.19,88.36,0,5.89,7.48,61.33,1
8.32,93.41,60.83,8,4.8,6.01,85.85,1
9.53,58.86,51.16,1,7.79,7.53,67.91,1
9.87,84.63,48.15,7,4.77,5.41,96.91,1
7.78,91.91,43.62,8,7.47,2.91,90.89,1
4.39,97.23,34.04,3,8.16,7.51,66.87,1
1.75,84.16,53.97,7,8.2,2.2,60.01,1
7.99,74.86,48.92,8,8.52,2.66,83.58,1
6.03,80.89,97.65,9,9.24,5.61,100.0,1
4.82,93.45,69.04,9,7.0,6.12,89.72,1
9.16,78.53,54.31,4,8.38,7.44,85.22,1
2.0,51.52,70.63,6,7.72,1.64,70.16,1
5.43,96.55,39.74,9,5.12,6.38,85.32,1
1.1,84.48,61.08,3,4.15,5.91,56.11,1
5.22,83.83,73.84,0,5.71,0.51,79.63,1
1.51,60.78,64.22,2,6.66,3.1,58.05,1
2.07,82.94,58.12,4,7.7,2.26,80.32,1
2.06,69.69,99.57,2,9.1,2.44,68.92,1
6.84,82.56,91.62,10,5.18,7.86,100.0,1
7.71,55.33,73.64,6,4.75,5.14,82.04,1
6.25,82.89,69.86,8,9.78,5.74,95.52,1
9.66,99.97,73.45,5,4.65,7.81,95.16,1
4.37,52.41,44.09,9,6.87,3.02,67.15,1
3.57,98.86,57.66,0,7.51,6.41,71.38,1
8.82,70.35,32.76,6,7.25,3.48,94.86,1
3.01,93.54,63.29,2,4.52,6.96,69.42,1
9.67,89.12,68.01,4,4.34,1.45,93.31,1
1.11,78.35,45.94,9,4.63,7.58,55.12,1
9.73,86.92,97.48,3,7.51,1.75,100.0,1
1.39,93.93,93.66,9,7.27,2.61,81.13,1
9.02,70.21,80.55,4,5.4,6.05,89.64,1
5.75,66.35,67.34,4,7.83,3.15,82.87,1
9.94,83.38,90.9,5,8.92,4.87,100.0,1
1.66,90.39,39.15,9,4.25,3.56,68.89,1
5.98,88.11,85.34,9,6.99,5.94,99.9,1
9.72,89.89,38.74,10,8.14,1.83,95.76,1
5.71,71.78,85.59,5,5.51,0.47,88.69,1
6.66,90.89,49.3,7,5.85,2.4,93.42,1
7.26,56.01,91.4,7,7.68,3.79,98.37,1
5.09,77.22,96.08,10,9.39,1.34,100.0,1
6.65,50.29,40.42,8,8.86,2.84,73.13,1
6.26,66.23,62.39,7,7.5,3.2,83.41,1
9.11,68.32,98.67,10,8.38,0.46,100.0,1
1.41,69.81,63.84,1,6.19,4.67,45.15,1
3.53,84.77,90.45,9,7.85,7.07,100.0,1
9.55,69.43,71.21,10,6.8,1.21,100.0,1
9.01,72.43,56.27,0,5.14,4.78,79.16,1
5.1,61.88,50.0,9,8.21,5.32,74.16,1
6.58,68.66,44.23,1,7.34,3.35,64.6,1
3.5,61.36,83.33,1,6.15,5.61,66.32,1
2.69,53.66,57.06,2,9.47,3.29,51.43,1
5.17,80.17,65.79,9,4.13,4.04,94.27,1
4.18,83.41,64.46,6,5.89,0.06,75.28,1
6.25,80.97,70.41,1,4.34,5.53,70.36,1
1.7,73.17,90.59,0,8.6,5.29,66.96,1
9.77,68.99,98.65,5,8.21,0.31,100.0,1
9.88,93.17,58.53,8,5.99,2.95,100.0,1
7.28,75.95,87.93,2,8.05,7.83,82.1,1
5.82,73.96,83.52,5,6.38,3.37,94.04,1
3.79,51.28,70.15,2,8.54,4.02,69.58,1
8.32,67.06,96.92,0,6.73,7.28,91.51,1
7.16,69.01,44.03,4,6.47,5.74,74.99,1
2.46,69.94,37.65,9,9.61,4.66,77.01,1
9.2,79.01,89.78,10,5.51,6.38,100.0,1
8.4,76.68,60.74,3,4.72,6.91,76.53,1
9.55,80.4,89.29,6,7.51,3.66,100.0,1
7.53,88.24,92.52,5,9.82,3.8,100.0,1
6.52,90.65,34.37,9,6.27,3.09,84.19,1
4.76,85.91,91.84,6,4.37,7.73,77.24,1
9.39,97.78,61.38,4,6.04,5.58,93.58,1
8.79,50.91,65.73,3,7.04,0.67,80.56,1
1.41,59.79,73.86,6,4.97,6.9,64.61,1
1.24,50.38,94.85,6,7.95,3.84,77.43,1
4.39,82.37,31.34,5,9.99,0.55,61.17,1
8.29,94.9,63.38,7,6.71,4.4,96.9,1
9.89,62.17,78.14,3,6.13,3.34,98.63,1
2.35,96.35,80.59,9,6.4,7.02,82.61,1
6.35,53.01,78.48,4,4.69,1.63,83.15,1
4.43,96.72,39.41,3,9.3,6.61,71.08,1
9.73,67.58,50.96,0,6.49,4.46,79.74,1
8.58,55.07,55.11,7,6.32,0.44,84.89,1
8.54,74.29,86.31,0,7.96,7.77,82.41,1
5.22,62.84,49.51,4,6.65,4.1,61.19,1
4.73,64.24,44.75,5,7.89,2.33,71.93,1
3.46,65.36,97.02,5,4.37,3.76,79.61,1
1.51,90.15,30.62,4,8.88,6.86,53.67,1
8.78,76.96,99.85,2,9.64,2.44,100.0,1
8.32,65.57,77.38,4,7.89,1.54,92.13,1
10.0,80.52,87.99,7,9.73,1.03,100.0,1
9.97,85.81,50.62,1,4.91,2.38,84.22,1
6.0,63.63,31.0,5,6.86,6.24,55.28,1
7.92,70.68,81.65,8,7.61,3.77,100.0,1
9.5,56.09,88.39,7,7.49,1.82,100.0,1
8.65,59.06,81.83,10,6.41,1.33,100.0,1
3.23,84.06,40.0,7,6.03,2.66,75.62,1
5.05,59.07,82.74,7,4.76,7.52,77.1,1
2.16,76.26,83.82,6,6.35,2.74,79.3,1
9.59,85.45,76.1,7,4.98,7.9,92.3,1
6.46,55.34,83.63,5,8.41,3.88,85.26,1
3.06,78.37,89.21,1,5.25,1.43,79.32,1
7.05,62.83,72.95,1,4.35,7.13,64.5,1
6.56,98.15,36.2,7,7.31,3.68,83.49,1
4.22,74.18,64.13,10,7.57,5.68,81.6,1
2.02,90.3,35.44,0,9.23,7.87,51.76,1
7.04,77.51,58.53,5,7.46,0.4,92.56,1
5.68,52.17,58.5,5,6.07,0.77,74.63,1
7.95,81.66,34.62,10,8.82,5.76,93.38,1
5.68,97.57,54.42,3,7.24,2.25,76.89,1
8.67,80.08,37.77,10,4.48,1.47,89.05,1
5.97,90.96,86.58,10,7.4,0.31,100.0,1
6.05,94.21,96.34,9,9.45,0.17,100.0,1
8.89,61.4,35.06,2,6.38,6.2,72.8,1
4.63,60.6,96.86,10,5.78,1.08,100.0,1
2.21,80.55,66.58,2,4.86,3.74,63.52,1
1.26,70.55,50.97,0,4.91,4.85,49.53,1
7.8,91.99,35.38,2,6.6,3.43,76.95,1
6.58,95.0,65.04,3,7.57,0.22,87.36,1
7.34,67.67,85.62,10,4.48,6.27,85.23,1
2.92,61.84,79.5,10,9.64,0.08,83.51,1
2.23,89.03,33.52,4,8.53,6.1,51.09,1
1.13,63.74,35.1,2,7.52,7.15,50.52,1
4.16,91.13,58.2,5,8.97,3.46,79.39,1
6.31,71.19,50.67,10,4.48,4.28,78.07,1
4.53,83.38,46.27,4,6.86,3.82,74.24,1
4.94,54.78,49.67,2,7.78,3.11,57.2,1
9.14,81.19,86.24,5,8.97,7.1,98.17,1
4.13,72.59,95.05,5,8.7,7.15,85.39,1
5.63,79.33,58.36,7,5.66,2.69,86.58,1
8.05,58.4,93.43,1,9.65,4.92,93.74,1
4.57,86.84,52.5,0,4.75,7.42,62.57,1
6.6,93.14,63.35,3,9.25,7.7,84.67,1
8.76,60.84,45.82,6,9.83,4.07,85.96,1
9.55,54.79,74.83,10,5.06,3.62,98.24,1
2.32,51.18,98.53,9,8.33,2.23,79.02,1
9.34,82.1,72.24,2,4.24,7.67,86.86,1
5.43,80.35,55.05,2,6.43,1.14,69.33,1
3.32,77.33,75.35,4,7.1,4.64,75.26,1
5.13,61.6,38.6,4,7.48,2.26,62.2,1
9.82,69.55,92.21,9,9.62,2.23,100.0,1
5.43,79.72,65.22,2,8.03,3.24,78.22,1
3.96,74.84,61.45,8,6.89,7.99,66.14,1
6.7,99.39,71.01,3,8.86,0.44,95.69,1
3.16,56.82,73.73,2,9.7,4.63,70.22,1
1.68,84.76,35.02,10,4.13,0.66,72.99,1
2.16,70.22,77.78,1,9.9,1.24,68.93,1
2.15,71.41,46.94,9,4.52,3.52,55.22,1
2.37,85.88,79.98,10,8.89,4.08,91.7,1
2.25,84.62,87.58,8,5.68,2.07,78.14,1
6.77,99.56,86.28,3,4.79,2.53,93.61,1
2.64,56.42,68.68,2,6.64,0.7,62.61,1
4.11,55.21,66.41,6,7.86,2.43,73.18,1
9.07,86.22,40.0,7,6.29,7.73,87.37,1
5.27,78.92,84.27,10,4.33,7.56,85.03,1
7.01,63.71,49.0,1,7.6,2.68,69.81,1
2.55,53.97,64.77,6,9.41,4.57,66.69,1
2.73,54.28,49.9,4,6.3,7.28,52.83,1
1.37,94.71,39.37,10,5.3,0.05,70.74,1
2.52,59.59,74.07,4,6.66,6.49,66.01,1
3.51,66.17,33.8,2,4.29,7.59,50.43,1
2.59,61.33,82.41,4,8.92,0.73,78.38,1
1.8,67.75,52.23,1,8.96,1.29,60.74,1
2.09,53.47,30.01,3,7.53,7.69,33.28,0
5.15,75.95,65.78,5,6.12,4.3,77.91,1
2.86,53.38,33.28,0,8.8,0.11,52.17,1
4.28,90.02,49.33,9,7.33,2.06,85.59,1
5.53,61.69,79.49,3,8.96,3.6,77.84,1
7.21,77.0,34.39,5,7.79,5.54,70.11,1
1.35,94.0,88.75,8,8.71,5.87,82.15,1
8.19,82.54,30.27,10,7.59,7.96,84.38,1
6.65,76.65,47.28,10,6.48,2.3,90.84,1
1.74,66.22,81.86,1,9.75,4.31,65.54,1
8.86,66.65,52.14,10,7.25,4.27,95.84,1
9.29,83.47,37.13,6,7.63,3.25,87.93,1
1.55,99.71,55.22,5,5.32,1.35,69.34,1
3.49,83.09,48.93,1,7.75,7.82,58.65,1
8.26,77.89,88.99,7,7.43,6.83,100.0,1
7.73,86.53,51.93,6,5.11,3.99,86.58,1
2.66,73.26,85.23,10,4.36,4.83,92.16,1
2.88,53.01,92.43,4,7.63,1.82,72.04,1
4.33,78.11,60.37,4,8.58,4.35,77.29,1
5.36,97.88,93.7,6,7.14,5.56,94.97,1
6.56,58.77,56.41,8,5.36,4.12,73.13,1
4.32,84.5,97.49,10,8.0,7.92,96.09,1
5.16,60.05,36.25,8,4.48,4.89,63.76,1
7.73,76.79,78.09,8,6.65,2.97,100.0,1
1.33,54.83,64.57,5,4.98,6.18,53.31,1
3.27,72.52,57.14,9,5.11,1.36,68.68,1
7.42,87.81,74.29,5,5.21,3.08,94.07,1
9.06,67.38,79.27,2,6.32,2.78,81.06,1
5.61,83.25,30.31,0,4.31,3.45,57.97,1
5.79,89.77,41.69,6,6.39,6.25,74.36,1
1.96,96.36,79.91,3,7.07,3.87,80.83,1
5.03,61.73,76.65,0,6.9,6.35,73.57,1
5.79,69.97,97.62,7,6.3,4.61,91.24,1
3.18,57.62,83.27,5,9.03,2.74,76.59,1
3.42,99.62,96.55,5,4.87,6.48,83.53,1
4.4,96.35,79.18,1,7.03,1.91,78.35,1
1.18,77.0,50.86,0,4.37,1.8,52.58,1
3.9,92.1,37.38,1,4.43,4.04,52.63,1
2.9,76.05,84.73,3,7.44,2.09,76.14,1
3.95,81.18,75.09,1,7.4,0.07,73.53,1
2.08,54.46,33.37,0,9.27,5.19,45.64,1
9.01,87.76,55.2,6,7.35,4.09,100.0,1
6.34,56.39,96.98,10,9.76,3.56,94.54,1
7.11,91.3,65.03,10,4.29,7.74,81.44,1
8.1,89.1,60.29,7,4.59,4.57,90.02,1
5.49,85.44,62.04,5,4.26,6.91,75.44,1
1.78,51.81,44.62,3,5.11,1.12,50.24,1
5.83,65.16,55.81,5,7.25,4.55,71.7,1
6.28,63.16,55.89,2,7.87,6.94,67.79,1
7.71,68.01,33.66,7,4.27,4.66,73.65,1
4.88,54.38,83.73,9,9.68,5.74,91.47,1
2.15,96.85,59.16,1,9.05,2.98,59.85,1
3.55,77.69,87.55,4,5.78,0.74,81.12,1
4.27,65.28,89.52,0,4.46,3.66,73.09,1
6.81,69.85,44.84,5,5.02,3.16,68.51,1
6.14,72.36,76.01,1,4.76,6.94,82.53,1
4.2,80.03,63.06,3,4.74,1.95,69.01,1
9.88,75.78,91.61,5,7.11,7.73,100.0,1
6.45,95.97,45.1,9,5.48,7.67,84.6,1
3.14,74.85,77.45,10,6.15,1.98,81.85,1
1.92,99.61,72.54,7,9.94,2.78,76.01,1
2.38,92.57,50.67,7,8.11,7.16,67.27,1
3.21,60.43,39.56,10,9.69,7.73,69.25,1
2.45,96.53,75.61,5,4.86,3.55,75.86,1
2.68,55.82,81.7,3,6.29,2.57,64.05,1
3.57,90.87,52.09,7,7.33,4.21,80.29,1
2.56,69.03,75.14,7,4.46,5.5,68.42,1
9.07,93.9,57.66,9,4.03,2.19,96.57,1
1.72,93.4,79.92,0,8.02,5.89,70.5,1
5.72,90.3,43.95,3,7.85,0.41,82.05,1
4.69,89.5,92.32,3,6.46,0.39,100.0,1
9.84,65.23,50.12,6,6.94,3.09,92.43,1
2.01,54.05,55.75,10,6.49,2.83,71.3,1
4.58,70.15,34.07,6,4.14,2.53,59.62,1
9.73,58.68,37.81,10,6.01,3.93,79.92,1
8.79,84.75,66.11,7,5.06,2.57,96.95,1
8.35,67.3,48.73,10,4.59,1.54,88.43,1
3.32,98.78,88.48,4,9.74,2.48,86.47,1
2.54,82.05,31.03,6,7.6,7.8,55.35,1
7.02,91.12,56.54,7,8.37,3.29,93.77,1
9.36,56.63,53.61,8,5.89,3.56,88.52,1
6.01,93.1,31.35,2,6.36,4.61,70.05,1
6.14,96.14,38.71,2,5.42,7.87,68.92,1
3.52,74.35,58.95,3,4.58,1.93,63.74,1
7.93,80.31,64.5,4,5.07,5.45,81.7,1
2.68,88.24,58.3,9,8.79,5.73,71.5,1
3.91,58.74,67.17,0,8.07,4.86,71.93,1
4.83,75.13,71.66,6,7.28,0.71,85.2,1
5.57,69.93,30.69,8,6.85,5.41,66.43,1
3.18,57.32,62.49,7,9.53,0.51,70.11,1
2.03,68.38,97.44,4,4.44,4.77,87.84,1
6.5,53.41,66.33,3,5.68,5.92,65.33,1
3.6,51.29,77.43,6,6.1,1.69,71.44,1
6.23,56.76,51.83,4,8.69,6.73,71.35,1
2.39,98.16,84.18,6,9.96,0.24,95.19,1
5.33,77.48,84.1,0,5.44,6.75,80.11,1
5.79,98.29,66.49,0,9.25,3.68,92.81,1
1.47,71.62,98.32,9,8.98,1.74,91.02,1
4.03,65.59,38.79,2,5.35,1.07,52.36,1
2.21,75.31,31.19,10,6.4,7.63,56.56,1
1.57,71.98,83.91,1,6.46,0.58,70.86,1
9.91,55.28,86.5,1,9.87,1.59,100.0,1
3.9,82.04,38.41,6,5.09,2.78,58.96,1
8.29,60.8,48.59,9,8.79,4.96,91.79,1
3.29,80.98,31.23,1,6.01,4.36,53.55,1
7.13,82.51,50.53,10,8.39,1.01,98.18,1
7.84,57.6,84.12,3,6.52,2.32,87.87,1
6.36,53.07,66.26,1,7.47,1.91,69.03,1
5.24,89.04,54.37,5,9.0,1.71,87.15,1
4.71,72.99,56.02,7,8.82,3.29,81.85,1
4.14,52.91,30.09,9,9.2,5.63,66.17,1
9.37,99.74,50.99,3,4.36,1.74,91.02,1
8.48,52.89,75.25,4,8.15,2.93,85.48,1
9.69,84.75,98.19,3,4.84,3.13,97.99,1
2.12,99.18,89.29,2,6.49,7.81,79.97,1
7.58,61.96,31.65,4,7.29,7.64,67.0,1
9.45,57.11,92.9,8,6.42,6.4,95.82,1
2.63,56.07,84.82,7,7.12,1.93,74.37,1
1.6,65.16,84.63,7,9.98,0.54,78.59,1
7.67,55.05,62.06,7,4.81,2.54,74.51,1
6.17,84.61,57.86,7,8.05,2.13,84.06,1
8.58,53.11,51.2,6,6.38,4.05,73.37,1
2.26,75.47,34.6,7,4.8,6.22,52.36,1
8.16,99.83,45.98,10,4.95,6.87,87.27,1
2.81,90.7,47.26,7,9.7,6.76,63.21,1
2.47,80.76,63.89,7,9.28,2.88,87.31,1
2.48,65.31,82.32,9,9.44,5.5,86.79,1
8.33,81.19,63.17,6,9.95,2.5,93.33,1
6.99,76.35,34.05,0,5.25,0.49,68.15,1
5.71,71.3,97.05,3,6.13,5.61,88.52,1
4.23,56.54,95.99,3,8.02,0.08,90.16,1
8.89,94.33,84.96,4,6.9,3.27,100.0,1
4.53,72.49,99.39,9,6.51,2.64,100.0,1
8.35,59.73,68.11,5,6.15,5.55,80.98,1
4.95,68.39,97.39,3,7.56,6.13,77.57,1
4.39,70.71,35.29,1,7.45,2.43,62.33,1
5.16,91.38,55.6,5,4.97,6.49,81.15,1
3.71,86.68,45.78,7,6.83,2.35,86.59,1
7.73,88.47,43.71,7,7.32,3.57,80.79,1
5.52,50.55,39.86,6,7.42,5.82,66.03,1
3.09,70.81,73.57,5,5.26,5.54,67.7,1
9.1,74.07,84.69,1,8.45,7.9,95.6,1
4.46,50.96,70.48,6,4.15,1.8,63.9,1
5.89,62.99,40.29,10,6.13,5.3,66.38,1
9.16,88.01,86.78,4,8.68,4.88,100.0,1
6.62,56.86,74.52,5,7.38,7.32,79.46,1
2.05,76.77,57.17,9,5.57,1.25,68.8,1
9.46,60.76,77.19,7,8.17,6.01,99.79,1
6.65,50.61,48.19,7,7.4,4.55,77.71,1
4.01,62.06,54.16,2,8.78,2.2,68.67,1
2.25,98.79,94.22,6,8.41,3.8,98.61,1
8.15,90.08,50.34,0,7.66,2.67,84.27,1
6.58,97.98,62.9,0,6.93,4.63,75.18,1
5.8,74.39,92.31,6,4.8,7.11,94.01,1
9.05,55.49,79.54,9,5.57,4.55,92.72,1
8.1,77.4,34.35,8,6.51,5.05,84.62,1
2.37,72.72,40.31,6,7.6,4.15,68.05,1
3.81,92.22,30.55,9,7.08,0.41,77.08,1
3.24,54.9,74.16,4,5.73,1.86,61.0,1
7.7,74.41,61.34,7,4.04,3.94,80.61,1
1.3,57.5,39.4,1,6.98,2.48,51.57,1
6.13,66.23,97.06,8,5.71,1.45,96.7,1
7.86,86.87,67.08,5,8.41,4.03,94.36,1
8.89,73.8,46.93,8,4.14,2.58,90.22,1
4.08,68.79,65.04,1,7.51,2.06,72.86,1
8.39,69.72,77.57,2,9.65,3.71,93.58,1
2.0,72.97,35.34,7,5.05,1.07,57.46,1
8.62,89.25,49.23,0,6.83,7.42,75.84,1
2.15,94.6,86.49,9,4.55,6.94,86.8,1
4.58,97.77,62.18,6,7.75,5.66,85.63,1
8.18,89.35,68.26,6,7.3,0.85,98.35,1
2.35,65.77,60.3,0,6.44,6.21,59.01,1
3.06,84.41,33.07,8,7.13,6.46,62.72,1
7.5,71.88,41.6,7,9.38,6.14,75.81,1
7.48,62.73,61.19,3,5.18,0.91,75.48,1
6.77,92.04,44.64,9,4.14,5.15,77.58,1
7.25,51.92,33.5,10,9.17,6.67,72.3,1
5.88,95.09,89.06,4,7.46,4.62,100.0,1
3.27,73.07,98.68,1,9.34,5.17,76.34,1
4.11,81.86,85.52,8,7.58,3.67,91.53,1
2.63,82.97,89.76,5,8.86,4.23,80.64,1
9.18,94.76,46.94,2,6.58,0.28,88.64,1
6.25,81.83,97.24,6,8.5,5.11,91.86,1
4.61,80.7,43.78,8,9.48,0.65,79.47,1
5.16,53.33,96.6,2,7.43,3.48,80.16,1
9.53,75.92,99.64,1,5.08,2.34,100.0,1
2.38,57.51,79.82,6,5.61,4.36,70.0,1
6.28,86.87,98.68,6,5.19,1.07,95.67,1
5.55,75.61,69.87,3,5.48,5.53,81.03,1
6.5,84.01,48.17,10,5.84,6.36,83.93,1
1.16,52.08,60.59,8,7.33,1.31,64.41,1
8.85,54.24,71.55,7,7.53,0.83,94.52,1
9.39,85.82,35.12,0,6.56,1.16,76.77,1
6.09,53.6,73.56,0,7.69,7.02,70.11,1
7.27,53.56,98.68,4,4.49,4.23,90.53,1
9.3,50.61,43.31,5,4.53,3.74,65.52,1
7.37,97.83,85.48,2,5.03,0.85,94.81,1
2.37,86.88,93.55,8,7.11,5.2,85.85,1
6.19,67.66,96.06,9,5.28,6.94,94.55,1
6.46,64.83,97.21,5,5.7,6.63,94.62,1
4.82,67.49,66.5,3,6.4,5.01,67.02,1
7.63,88.73,98.41,6,8.87,0.6,100.0,1
9.41,83.07,83.01,7,4.08,0.9,100.0,1
9.33,59.26,41.32,8,7.9,0.39,84.03,1
5.06,58.71,63.38,10,8.01,2.06,81.49,1
2.02,54.92,80.28,5,8.79,1.09,76.48,1
9.86,83.02,47.31,5,9.6,2.08,90.02,1
8.55,88.22,74.84,7,4.12,3.08,100.0,1
2.12,63.25,76.66,4,4.92,7.54,52.92,1
9.29,51.05,41.39,2,9.32,4.88,70.87,1
8.83,54.11,69.56,2,6.75,6.68,77.73,1
5.67,98.39,84.01,5,7.39,5.68,100.0,1
6.32,64.77,64.92,1,7.98,0.9,76.33,1
4.59,88.46,30.85,5,8.07,5.89,55.24,1
1.49,81.23,30.63,5,9.59,2.2,48.66,1
4.02,69.1,54.99,7,9.98,5.11,74.32,1
8.23,60.28,94.83,6,8.32,2.73,100.0,1
1.04,56.07,46.01,7,5.72,7.98,50.13,1
4.0,80.75,74.41,8,9.28,2.11,89.86,1
4.58,88.73,45.55,5,4.3,2.23,77.11,1
5.84,82.2,52.52,2,5.39,7.45,65.41,1
9.28,76.52,89.36,9,9.38,0.2,100.0,1
4.12,52.1,81.02,2,5.54,5.57,58.36,1
4.12,98.42,36.68,10,5.32,5.8,69.69,1
7.64,89.94,60.01,0,4.83,6.69,67.78,1
5.07,64.64,32.04,10,9.15,7.8,66.77,1
3.02,99.0,63.66,4,7.0,7.8,72.1,1
5.07,80.09,76.37,3,8.05,0.52,86.54,1
2.27,79.12,38.3,8,5.43,6.57,59.25,1
2.59,87.4,50.22,8,8.55,5.17,67.82,1
5.49,90.59,57.85,4,8.56,5.18,79.66,1
4.77,82.82,94.37,9,5.88,1.03,91.33,1
9.23,56.4,99.53,3,6.46,5.2,100.0,1
4.26,66.91,33.14,6,5.26,7.86,54.18,1
6.23,96.4,83.27,5,9.86,7.29,93.61,1
6.69,61.23,56.02,3,7.87,3.51,82.57,1
1.12,68.61,57.47,9,9.61,0.32,65.98,1
6.97,71.6,82.8,1,5.82,2.9,78.96,1
2.6,71.97,94.29,0,8.69,6.61,66.75,1
9.65,80.65,96.57,3,8.6,5.61,100.0,1
2.34,97.15,70.4,3,8.15,3.67,78.25,1
4.73,62.03,55.0,0,9.79,0.44,72.18,1
1.77,56.08,85.13,5,6.36,3.42,81.64,1
9.97,59.87,47.57,3,4.78,3.75,67.13,1
5.52,94.35,69.49,0,8.03,7.43,80.67,1
6.36,82.29,55.1,0,8.38,5.13,71.12,1
1.6,64.3,75.96,0,7.45,2.49,58.8,1
7.75,90.8,46.83,7,5.24,4.2,82.58,1
2.89,93.07,43.41,9,7.03,0.53,72.26,1
9.08,92.33,94.28,7,5.87,7.78,100.0,1
2.85,95.95,37.13,1,6.56,2.88,64.31,1
2.72,62.61,65.42,10,7.87,3.82,75.2,1
1.33,87.75,45.46,6,8.47,2.84,72.24,1
5.25,73.03,32.73,7,5.39,5.46,57.32,1
6.08,92.1,32.52,7,6.43,5.3,68.2,1
1.59,86.42,42.27,10,5.61,5.72,53.53,1
7.98,88.82,90.67,9,5.19,2.15,100.0,1
5.08,82.81,49.77,10,8.7,2.53,86.25,1
5.72,58.87,96.53,6,9.46,1.0,96.15,1
4.97,77.25,70.71,4,6.22,5.24,77.81,1
4.61,99.23,60.56,0,8.51,0.32,72.95,1
6.04,96.87,70.61,8,9.38,4.78,100.0,1
2.4,52.16,66.17,6,9.08,6.96,64.64,1
2.64,58.24,83.11,1,5.1,7.13,64.1,1
8.76,56.59,49.77,5,9.74,3.59,73.66,1
9.52,86.3,54.71,1,6.26,3.67,87.97,1
4.36,90.89,92.59,0,6.04,0.62,80.25,1
3.44,60.68,96.25,6,4.37,5.37,75.63,1
6.8,75.29,92.48,1,6.92,6.57,89.27,1
4.68,92.04,59.36,1,4.65,1.96,73.31,1
1.23,86.64,84.63,10,5.49,3.37,78.1,1
2.41,77.11,63.34,4,5.9,6.71,63.29,1
7.44,79.52,64.83,4,8.85,7.02,77.79,1
6.93,75.42,44.33,6,9.25,1.95,88.52,1
1.24,64.88,71.38,0,5.81,4.4,53.92,1
3.0,78.25,43.03,7,9.15,1.54,76.71,1
3.08,84.44,53.21,2,9.14,0.82,67.92,1
7.05,93.67,89.85,3,8.59,7.29,93.6,1
1.18,81.81,44.5,8,4.88,6.56,53.93,1
1.94,88.06,34.98,3,8.14,6.08,59.76,1
8.2,58.0,34.83,9,9.67,0.39,81.2,1
2.61,73.08,95.85,4,8.1,6.75,81.58,1
6.87,50.47,65.48,6,5.99,3.5,76.17,1
3.14,62.33,58.66,3,7.0,2.74,53.45,1
1.89,86.32,86.76,0,7.87,4.37,69.46,1
3.19,99.59,88.51,8,7.06,0.73,90.29,1
7.5,54.96,53.25,3,4.72,6.05,68.32,1
8.7,70.07,78.55,8,5.87,4.66,91.33,1
8.47,90.0,83.98,5,8.81,1.49,100.0,1
4.57,60.2,75.83,0,9.17,1.51,73.44,1
7.01,77.75,40.61,2,4.82,1.47,70.54,1
2.84,86.65,91.31,10,9.71,0.46,100.0,1
3.64,80.8,67.74,1,5.97,4.7,72.85,1
9.07,59.4,49.77,8,7.97,6.72,84.21,1
1.12,67.77,59.77,0,8.51,0.14,54.36,1
1.77,89.19,32.63,8,8.87,0.39,59.39,1
2.87,77.71,38.95,8,9.67,4.58,64.54,1
1.24,50.26,83.59,7,5.88,6.56,60.76,1
2.63,88.05,30.0,7,9.15,2.61,67.03,1
6.25,51.77,59.16,10,4.79,2.8,77.28,1
4.79,87.29,66.58,0,8.23,4.77,78.14,1
9.03,60.12,33.82,10,8.45,2.19,83.07,1
8.36,97.9,98.12,7,8.07,0.21,100.0,1
4.08,68.4,45.83,9,5.51,5.88,73.27,1
3.33,66.35,51.29,2,9.24,5.01,62.88,1
4.42,57.44,51.28,10,5.01,4.65,69.27,1
6.31,65.28,46.13,6,4.32,5.93,65.37,1
3.41,93.83,30.1,10,8.3,5.4,68.53,1
6.62,99.82,81.05,0,6.85,1.65,87.85,1
4.68,68.42,97.68,0,9.09,2.82,81.38,1
5.97,72.43,45.7,9,6.3,1.01,84.73,1
4.93,86.1,76.41,4,5.01,1.04,83.5,1
3.65,94.31,81.93,4,9.02,5.41,78.51,1
9.54,79.65,89.39,7,7.29,6.87,100.0,1
7.87,69.58,59.58,6,5.14,7.7,81.32,1
2.26,70.63,51.21,7,8.32,5.03,58.01,1
8.82,84.78,52.77,5,7.07,1.47,89.7,1
5.39,50.16,79.88,5,7.63,0.85,82.22,1
9.05,80.98,87.17,1,6.77,6.5,100.0,1
8.2,67.77,42.71,5,8.97,4.63,74.21,1
4.83,89.71,55.97,4,8.98,4.95,82.9,1
1.2,54.65,93.14,2,8.26,6.25,71.51,1
3.42,79.41,86.47,5,4.63,5.63,74.66,1
5.87,74.05,98.94,7,9.03,6.68,95.63,1
6.7,82.12,82.8,8,8.03,0.45,97.21,1
3.32,53.24,57.52,0,8.18,5.98,53.43,1
2.25,79.0,71.34,2,6.18,6.81,63.55,1
8.51,78.07,76.27,2,9.28,2.29,98.87,1
9.86,78.03,35.49,10,8.35,5.12,97.47,1
5.73,80.17,68.11,7,4.68,2.51,81.21,1
2.55,83.82,79.65,0,6.45,7.66,56.15,1
3.45,90.25,41.71,4,9.32,0.27,72.65,1
1.17,63.49,84.64,2,4.28,4.64,61.95,1
9.23,91.25,70.86,1,9.77,1.33,100.0,1
2.06,74.91,96.66,7,8.07,5.7,81.2,1
6.19,53.85,32.97,2,7.79,1.41,62.57,1
3.47,52.93,48.57,6,5.62,1.88,68.88,1
5.99,66.71,72.11,10,5.49,3.95,89.36,1
6.86,89.24,50.76,0,9.65,7.32,73.49,1
8.47,85.38,80.01,5,5.79,1.69,97.51,1
2.86,89.43,83.13,2,8.65,1.15,81.46,1
1.1,75.86,37.18,7,6.36,6.07,61.72,1
2.23,72.01,65.97,5,4.84,4.0,64.18,1
9.1,57.37,65.62,1,4.06,7.29,74.3,1
8.87,66.41,55.85,5,7.27,1.17,85.92,1
6.38,71.7,95.3,6,9.85,5.17,100.0,1
6.4,54.43,87.93,4,6.21,1.86,95.31,1
6.99,61.03,78.8,2,6.14,1.25,85.65,1
2.58,79.91,80.0,3,6.06,5.47,71.72,1
9.23,86.78,62.32,3,7.12,4.75,91.75,1
4.77,99.92,94.47,5,6.64,6.04,81.97,1
4.45,96.66,78.62,9,9.28,2.48,100.0,1
5.67,82.13,81.03,0,7.03,3.58,82.42,1
1.42,71.06,90.32,10,7.05,3.24,84.78,1
2.5,81.81,49.19,3,4.83,7.87,51.82,1
7.64,89.28,86.49,9,9.9,2.34,100.0,1
1.75,55.92,43.67,3,5.5,2.36,47.04,1
6.43,70.5,54.17,9,4.44,2.84,86.42,1
3.21,91.99,53.49,0,7.98,4.52,63.39,1
4.5,69.19,98.5,8,7.57,2.02,100.0,1
3.6,78.59,89.96,3,6.49,7.32,79.28,1
4.2,79.39,79.08,6,6.53,2.13,78.49,1
7.47,59.22,80.89,2,8.71,7.17,81.92,1
3.67,68.11,69.35,9,5.17,0.83,76.65,1
6.1,66.73,96.3,2,8.92,5.25,77.36,1
5.28,51.31,64.74,7,7.89,7.26,80.5,1
6.97,51.21,56.64,7,6.51,1.35,82.91,1
9.43,91.58,41.41,10,6.75,7.75,95.07,1
7.59,63.65,85.03,0,5.54,3.62,83.54,1
2.93,75.9,81.41,9,8.51,7.57,74.85,1
1.28,64.94,56.9,1,7.08,5.41,48.89,1
3.36,97.03,31.76,7,5.93,2.41,72.98,1
6.36,62.96,88.73,0,7.58,1.51,78.96,1
1.46,71.48,30.8,7,9.97,2.43,46.27,1
5.47,93.64,79.26,7,6.61,0.74,95.48,1
6.37,92.1,97.92,1,9.52,1.15,100.0,1
4.01,59.31,60.64,3,6.07,0.84,67.7,1
7.94,90.13,46.45,5,4.33,3.38,86.36,1
1.96,72.91,79.34,10,5.23,6.36,78.56,1
1.68,74.15,87.2,8,6.51,1.13,82.97,1
7.55,56.67,68.25,7,5.32,1.04,92.56,1
5.46,54.03,97.69,7,4.0,5.15,76.95,1
7.2,86.4,33.62,6,9.49,1.58,85.88,1
4.91,74.82,65.34,8,9.06,0.78,91.01,1
3.22,71.84,80.29,1,8.45,1.33,69.04,1
8.37,86.48,90.38,2,5.01,7.39,85.5,1
8.19,88.28,42.55,9,4.72,6.57,81.05,1
7.25,57.95,86.0,7,4.41,2.83,86.81,1
3.45,80.51,68.69,5,8.34,5.25,79.74,1
6.31,56.77,57.76,9,9.57,4.3,79.84,1
4.25,87.57,39.22,8,6.58,5.42,67.03,1
1.82,82.85,90.57,9,4.71,5.46,78.11,1
9.26,97.83,41.01,3,7.07,5.03,91.7,1
2.23,53.45,51.69,7,6.09,2.13,60.27,1
9.55,52.85,50.3,9,6.25,0.31,89.2,1
5.01,64.11,91.0,2,7.73,3.64,81.26,1
